{
  "version": "1.0",
  "defaultProvider": "unpkg",
  "libraries": [
    {
      "library": "@aspnet/signalr@1",
      "destination": "wwwroot/lib/signalr/",
      "files": [
        "dist/browser/signalr.js",
        "dist/browser/signalr.min.js"
      ]
    },
    {
      "provider": "cdnjs",
      "library": "jquery@3.4.1",
      "destination": "wwwroot/lib/jquery/dist"
    },
    {
      "library": "bootstrap@4.3.1",
      "destination": "wwwroot/lib/bootstrap/"
    }
    
  ]
}

